link,name,price
/zz/414b0f9fcad8c11ax.htm#fr_page=list&fr_pos=city&fr_no=0,奔驰GLA级 2015款 GLA 200 时尚型,16.58
/nj/403a4e1eb1dd0ccex.htm#fr_page=list&fr_pos=city&fr_no=1,斯柯达Yeti 2016款 1.4TSI DSG前行版,7.88
/nb/c0f11160a0566145x.htm#fr_page=list&fr_pos=city&fr_no=2,本田 歌诗图 2014款 2.4L 豪华版,14.20
/zz/d7c33730a22e711dx.htm#fr_page=list&fr_pos=city&fr_no=3,大众 高尔夫 2016款 1.6L 自动舒适型,9.60
/gz/afcf69a73c1f8385x.htm#fr_page=list&fr_pos=city&fr_no=4,丰田 雷凌 2016款 双擎 1.8H GS-L CVT领先版,9.38
/jiaxing/715912b497e6cfb7x.htm#fr_page=list&fr_pos=city&fr_no=5,标致408 2014款 1.8L 手动领先版,5.00
/baoding/cb55a773fb4b95bcx.htm#fr_page=list&fr_pos=city&fr_no=6,日产 轩逸 2020款 1.6L XL CVT悦享版,12.50
/xinxiang/80e1ff811240f8cdx.htm#fr_page=list&fr_pos=city&fr_no=7,日产 骐达 2016款 1.6L CVT智尊版,9.50
/luoyang/fec0f1d88164ec84x.htm#fr_page=list&fr_pos=city&fr_no=8,北汽绅宝 绅宝X55 2016款 1.5T CVT豪华版,5.18
/yancheng/7da7a99d6e90432dx.htm#fr_page=list&fr_pos=city&fr_no=9,奥迪A6L 2014款 30 FSI 舒适型,24.80
/bj/e06b972216bf908ex.htm#fr_page=list&fr_pos=city&fr_no=10,标致408 2018款 350THP 自动豪华版,8.50
/ganzhou/6d4da1d4e1b1d790x.htm#fr_page=list&fr_pos=city&fr_no=11,日产 轩逸 2016款 经典 1.6XE 自动领先版,6.88
/su/f41ead7315d25595x.htm#fr_page=list&fr_pos=city&fr_no=12,纳智捷 优6 SUV 2017款 改款 1.6T 新创型,8.04
/cd/aa2e4103f5d7d0e9x.htm#fr_page=list&fr_pos=city&fr_no=13,奥迪Q3 2018款 30周年年型 30 TFSI 时尚型,18.78
/nmg/a997a08caa63d6f2x.htm#fr_page=list&fr_pos=city&fr_no=14,铃木 奥拓 2013款 1.0L 自动豪华型,4.28
/hrb/9dad27382fc4d336x.htm#fr_page=list&fr_pos=city&fr_no=15,现代ix35 2013款 2.0L 自动两驱智能型GLS 国IV,8.40
/bj/ab4d461d31fe4cb5x.htm#fr_page=list&fr_pos=city&fr_no=16,别克GL8 2013款 2.4L 经典版,8.68
/dg/08df0d3964e1c46bx.htm#fr_page=list&fr_pos=city&fr_no=17,大众 朗逸 2013款 改款经典 1.6L 自动风尚版,8.12
/jiaxing/9dd7a230415d9d1fx.htm#fr_page=list&fr_pos=city&fr_no=18,别克 昂科拉 2015款 1.4T 自动两驱都市精英型,7.58
/changzhou/5d3a489aabee016ex.htm#fr_page=list&fr_pos=city&fr_no=19,福特 探险者 2016款 2.3T 精英版(进口),29.30
/sjz/aad3f0f6048d832ax.htm#fr_page=list&fr_pos=city&fr_no=20,大众 朗逸 2013款 改款 1.4TSI DSG舒适版,7.88
/cd/fd7dd13df4ac0267x.htm#fr_page=list&fr_pos=city&fr_no=21,福特 福克斯 2017款 三厢 1.6L 自动舒适型智行版,6.50
/qd/282664aabe5d6261x.htm#fr_page=list&fr_pos=city&fr_no=22,本田 飞度 2014款 1.5L LX CVT舒适型,6.90
/pingdingshan/7b27955ddf0ea79ex.htm#fr_page=list&fr_pos=city&fr_no=23,福特 福睿斯 2015款 1.5L 手动舒适型,4.58
/changzhou/9dee2f65f973245ex.htm#fr_page=list&fr_pos=city&fr_no=24,奥迪Q5 2015款 40 TFSI 技术型,20.50
/cd/15986ad3ea61069dx.htm#fr_page=list&fr_pos=city&fr_no=25,日产 阳光 2011款 1.5XL CVT豪华版,3.98
/sy/6b0818bd93b7fcf8x.htm#fr_page=list&fr_pos=city&fr_no=26,大众 速腾 2014款 改款 1.4TSI 自动豪华型,8.40
/foshan/14ce2db3e21d7278x.htm#fr_page=list&fr_pos=city&fr_no=27,本田 锋范 2015款 1.5L CVT舒适版,6.38
/qd/25fe950d2c7c647ex.htm#fr_page=list&fr_pos=city&fr_no=28,丰田 雷凌 2016款 1.6E CVT新锐版,7.98
/nj/3619b70a49b1c085x.htm#fr_page=list&fr_pos=city&fr_no=29,现代ix25 2015款 1.6L 自动两驱智能型GLS,8.28
/hf/3ff73c545e76cd9bx.htm#fr_page=list&fr_pos=city&fr_no=30,大众 朗逸 2015款 1.6L 自动豪华版,7.88
/tj/13e06e30c3b3cb32x.htm#fr_page=list&fr_pos=city&fr_no=31,别克 英朗 2015款 15N 自动精英型,6.95
/nn/144c18d334fe9721x.htm#fr_page=list&fr_pos=city&fr_no=32,奔腾X80 2015款 2.0L 自动舒适周年纪念型,5.58
/xa/3961c32899f7f98fx.htm#fr_page=list&fr_pos=city&fr_no=33,福特 翼搏 2013款 1.5L 自动风尚型,5.18
/sh/308dbfebd1bd9840x.htm#fr_page=list&fr_pos=city&fr_no=34,福特 翼虎 2015款 2.0L GTDi 四驱尊贵型,12.58
/ty/7b140234ec4c88e2x.htm#fr_page=list&fr_pos=city&fr_no=35,福特 嘉年华 2013款 两厢 1.5L 自动时尚型,4.70
/jiaxing/fca8fcb81b0c72f5x.htm#fr_page=list&fr_pos=city&fr_no=36,本田 思域 2016款 220TURBO CVT豪华版,12.20
/su/66188191d37e5b38x.htm#fr_page=list&fr_pos=city&fr_no=37,大众 朗逸 2013款 改款经典 1.6L 自动舒适版,6.60
/gz/8973089566dd9326x.htm#fr_page=list&fr_pos=city&fr_no=38,奥迪A6L 2012款 30 FSI 舒适型,19.68
/fz/4b7a14a3043de465x.htm#fr_page=list&fr_pos=city&fr_no=39,宝马1系 2016款 118i 领先型(进口),13.99
/sh/ff169d533a50ce62x.htm#fr_page=list&fr_pos=city&fr_no=0,别克 昂科威 2016款 20T 两驱精英型,12.68
/sh/6f07ccc6f1af70b4x.htm#fr_page=list&fr_pos=city&fr_no=1,大众 朗逸 2013款 1.6L 自动舒适版,5.15
/sjz/938ad6844f8759f8x.htm#fr_page=list&fr_pos=city&fr_no=2,大众CC 2016款 1.8TSI 豪华型,17.38
/suqian/2740b5e8f4be377bx.htm#fr_page=list&fr_pos=city&fr_no=3,大众 朗逸 2013款 改款经典 1.6L 自动风尚版,7.29
/km/6e1781ee133c01a7x.htm#fr_page=list&fr_pos=city&fr_no=4,福特 福克斯 2015款 两厢 EcoBoost 180 自动精英型,7.80
/zhuhai/7ab854ce07ef6230x.htm#fr_page=list&fr_pos=city&fr_no=5,江淮 瑞风S3 2016款 1.5L 手动豪华智能型,3.68
/sh/e23580631bc6a1a2x.htm#fr_page=list&fr_pos=city&fr_no=6,斯柯达 速派 2013款 1.8TSI 自动名仕版,8.80
/jstaizhou/c6e6b0cd3311fdb3x.htm#fr_page=list&fr_pos=city&fr_no=7,哈弗H1 2016款 蓝标 1.5L AMT都市型,3.88
/cd/77f1a8443fa43417x.htm#fr_page=list&fr_pos=city&fr_no=8,起亚KX5 2016款 1.6T 自动两驱Premium,11.25
/zz/42fe5ca869b7624dx.htm#fr_page=list&fr_pos=city&fr_no=9,本田 凌派 2013款 1.8L 自动豪华版,7.60
/hz/a89df5adcaf5daffx.htm#fr_page=list&fr_pos=city&fr_no=10,雷诺 科雷嘉 2016款 2.0L 两驱豪华版,8.40
/sz/5cb18114fee22e70x.htm#fr_page=list&fr_pos=city&fr_no=11,丰田 凯美瑞 2015款 2.0E 精英版,13.30
/dl/8cbc7d28658977ebx.htm#fr_page=list&fr_pos=city&fr_no=12,大众 高尔夫 2014款 1.6L 自动舒适型,7.98
/yancheng/5cf873336515cee2x.htm#fr_page=list&fr_pos=city&fr_no=13,大众 朗逸 2013款 改款 1.4TSI 手动舒适版,5.10
/bj/65e99f376fb93beax.htm#fr_page=list&fr_pos=city&fr_no=14,奔驰E级 2010款 E 200 CGI 优雅型(进口),13.30
/gz/3ec3d49ce1fea79ax.htm#fr_page=list&fr_pos=city&fr_no=15,本田 奥德赛 2015款 改款 2.4L 豪华版,19.88
/nj/2bd9bc1d7d889b08x.htm#fr_page=list&fr_pos=city&fr_no=16,大众 宝来 2011款 1.6L 自动时尚型,4.50
/bj/87628b9930570005x.htm#fr_page=list&fr_pos=city&fr_no=17,沃尔沃XC60 2014款 T5 智逸版(进口),14.50
/zz/91b3b55f3fb801edx.htm#fr_page=list&fr_pos=city&fr_no=18,大众 高尔夫 2015款 1.4TSI 自动舒适型,8.60
/bj/bcdc03bf77c27d8ex.htm#fr_page=list&fr_pos=city&fr_no=19,福特 锐界 2012款 2.0T 尊锐型(进口),14.80
/cs/0342a09b44b9155ex.htm#fr_page=list&fr_pos=city&fr_no=20,大众 桑塔纳 2016款 1.6L 自动风尚版,6.58
/sy/41a4cfab7c806b5bx.htm#fr_page=list&fr_pos=city&fr_no=21,Jeep 自由光 2016款 2.4L 专业版智能包,12.30
/ty/1f8314774d0710ccx.htm#fr_page=list&fr_pos=city&fr_no=22,马自达 昂克赛拉 2017款 两厢 1.5L 自动豪华型 国V,9.60
/dl/c19cd9f7139cb97ax.htm#fr_page=list&fr_pos=city&fr_no=23,日产 蓝鸟 2016款 1.6L CVT炫酷版,7.80
/bj/2fdb91ae9c5864c1x.htm#fr_page=list&fr_pos=city&fr_no=24,奔驰B级 2012款 B 200(进口),11.08
/ty/b2ed218f927bad7cx.htm#fr_page=list&fr_pos=city&fr_no=25,大众 帕萨特 2011款 1.8TSI DSG尊荣版,7.98
/bj/50e5d083977c77b4x.htm#fr_page=list&fr_pos=city&fr_no=26,日产 蓝鸟 2016款 1.6L CVT智炫版,10.00
/hrb/97b67447debb8bccx.htm#fr_page=list&fr_pos=city&fr_no=27,标致408 2014款 1.8L 自动豪华版,6.90
/zz/26f2c0ef1f089ec7x.htm#fr_page=list&fr_pos=city&fr_no=28,雪佛兰 科鲁兹 2017款 1.5L 自动先锋天窗版,6.98
/jiaxing/d39469bcdec97e77x.htm#fr_page=list&fr_pos=city&fr_no=29,奥迪A6L 2011款 2.4L 技术型,12.80
/bj/fa240474f0ae3e58x.htm#fr_page=list&fr_pos=city&fr_no=30,大众 高尔夫 2016款 230TSI 自动舒适型,9.90
/km/a0b444aef9623dd9x.htm#fr_page=list&fr_pos=city&fr_no=31,北汽绅宝 绅宝X25 2015款 1.5L 自动豪华型,3.80
/handan/b032dcbef24f6bc1x.htm#fr_page=list&fr_pos=city&fr_no=32,大众 途观 2012款 1.8TSI 自动四驱菁英版,8.98
/sh/ac5047caac5ac2bdx.htm#fr_page=list&fr_pos=city&fr_no=33,别克 君威 2015款 2.0L 领先时尚型,9.80
/quanzhou/2ee9bf1961c24fafx.htm#fr_page=list&fr_pos=city&fr_no=34,奥迪Q5 2016款 40 TFSI 技术型,23.80
/dg/5d5d57676f091917x.htm#fr_page=list&fr_pos=city&fr_no=35,江淮 瑞风S3 2014款 1.5L 手动豪华智能型,3.00
/sy/8a329ed6cd160533x.htm#fr_page=list&fr_pos=city&fr_no=36,Jeep 指南者 2014款 2.0L 两驱运动版(进口),8.90
/jiaxing/e56866b085851a0fx.htm#fr_page=list&fr_pos=city&fr_no=37,别克 英朗 2014款 XT 1.6L 自动时尚版,5.40
/xm/d2928a09fa972dadx.htm#fr_page=list&fr_pos=city&fr_no=38,大众 朗逸 2015款 230TSI DSG舒适版,8.68
/wh/06dcf0371fac2192x.htm#fr_page=list&fr_pos=city&fr_no=39,标致308 2013款 1.6L 自动优尚型,5.68
/wh/06dcf0371fac2192x.htm#fr_page=list&fr_pos=city&fr_no=0,标致308 2013款 1.6L 自动优尚型,5.68
/bj/96fe48ad0a9ef933x.htm#fr_page=list&fr_pos=city&fr_no=1,铃木 维特拉 2016款 1.4T 自动两驱豪华型,10.50
/tj/1e442c2e6d3c1030x.htm#fr_page=list&fr_pos=city&fr_no=2,本田 飞度 2014款 1.5L LX CVT舒适型,6.50
/bj/b509e40d4e45b262x.htm#fr_page=list&fr_pos=city&fr_no=3,大众 高尔夫 2014款 1.4TSI 豪华旅行版(进口),11.50
/hf/a5f6bd5e49fd36eex.htm#fr_page=list&fr_pos=city&fr_no=4,大众 桑塔纳 2016款 1.4L 手动风尚版,4.88
/zz/6864c93196a8c295x.htm#fr_page=list&fr_pos=city&fr_no=5,本田 飞度 2016款 1.5L LXS CVT舒适天窗版,7.35
/ty/dded1096b797ab03x.htm#fr_page=list&fr_pos=city&fr_no=6,起亚K3 2013款 1.6L 自动Premium,5.90
/jn/01d118c22cb0457ax.htm#fr_page=list&fr_pos=city&fr_no=7,大众POLO 2018款 1.5L 自动安驾型,7.90
/hrb/f180107017be02b3x.htm#fr_page=list&fr_pos=city&fr_no=8,起亚 福瑞迪 2012款 1.6L MT GL 纪念版,3.30
/xa/a802a59463c18da4x.htm#fr_page=list&fr_pos=city&fr_no=9,现代 名图 2014款 1.8L 自动尊贵型DLX,8.80
/hrb/61d19e0f256f5c13x.htm#fr_page=list&fr_pos=city&fr_no=10,传祺GS5 2012款 2.0L 自动两驱精英版,5.10
/sjz/f598a19cbf538d61x.htm#fr_page=list&fr_pos=city&fr_no=11,奥迪Q5 2012款 2.0TFSI 舒适型,15.60
/gz/0ed8d6110b4adb82x.htm#fr_page=list&fr_pos=city&fr_no=12,宝马X1 2010款 sDrive18i豪华型(进口),9.68
/nantong/375d383208df162fx.htm#fr_page=list&fr_pos=city&fr_no=13,雪佛兰 科沃兹 2016款 1.5L 自动欣悦版,6.80
/jiaxing/5569f633b9cbb199x.htm#fr_page=list&fr_pos=city&fr_no=14,大众 宝来 2018款 1.5L 自动时尚型,8.40
/hf/af1da3e2c9984ba1x.htm#fr_page=list&fr_pos=city&fr_no=15,大众 高尔夫 2015款 1.4TSI 自动舒适型,10.88
/xm/4b20e7977535f0adx.htm#fr_page=list&fr_pos=city&fr_no=16,福特 福睿斯 2015款 1.5L 自动时尚型,6.98
/gz/595657157c7efe2bx.htm#fr_page=list&fr_pos=city&fr_no=17,福特 福克斯 2011款 两厢 1.8L 自动时尚型,3.70
/jiaxing/208540ed70186d39x.htm#fr_page=list&fr_pos=city&fr_no=18,雪佛兰 创酷 2016款 1.4T 自动两驱舒适天窗版,5.85
/cd/1d443a7f97d3f0bdx.htm#fr_page=list&fr_pos=city&fr_no=19,现代 途胜 2015款 1.6T 双离合两驱智能型,10.98
/sy/733eaf907c284ba2x.htm#fr_page=list&fr_pos=city&fr_no=20,本田 缤智 2015款 1.5L CVT两驱舒适型,9.50
/bj/d65891043f9c3b5fx.htm#fr_page=list&fr_pos=city&fr_no=21,荣威W5 2013款 1.8T 2WD 自动胜域版,4.80
/ganzhou/5eb5d02269899ca1x.htm#fr_page=list&fr_pos=city&fr_no=22,现代 名图 2016款 1.8L 自动尊贵型DLX,8.68
/nantong/770d3359bccc597cx.htm#fr_page=list&fr_pos=city&fr_no=23,日产 骐达 2011款 1.6L CVT智能型,6.48
/cd/60e9e17396900c96x.htm#fr_page=list&fr_pos=city&fr_no=24,大众 高尔夫 2014款 1.6L 自动舒适型,7.78
/jiaxing/ac447bdae96a718bx.htm#fr_page=list&fr_pos=city&fr_no=25,现代 领动 2016款 1.6L 自动智炫·精英型,8.30
/luoyang/3cef116bed3fea53x.htm#fr_page=list&fr_pos=city&fr_no=26,大众 朗逸 2013款 改款经典 1.6L 手动风尚版,4.70
/jiaxing/fa5e4ff4574397aax.htm#fr_page=list&fr_pos=city&fr_no=27,起亚K3 2017款 1.6L 自动15周年特别版GLS,8.49
/cs/fdf41c8f530f0d18x.htm#fr_page=list&fr_pos=city&fr_no=28,大众 捷达 2015款 质惠版 1.6L 自动舒适型,5.88
/jiaxing/66d038c5b7feaf69x.htm#fr_page=list&fr_pos=city&fr_no=29,奔驰C级 2016款 C 200 运动版,23.88
/wx/2107af9a074f348cx.htm#fr_page=list&fr_pos=city&fr_no=30,大众 2016款 途安L 280TSI 自动舒适版,11.70
/hrb/36df42d3125acca4x.htm#fr_page=list&fr_pos=city&fr_no=31,大众 宝来 2015款 质惠版 1.6L 手动时尚型,6.00
/jilin/030fceb39cd4f42ax.htm#fr_page=list&fr_pos=city&fr_no=32,奔腾B50 2013款 1.6L 手动豪华型,4.00
/xa/e44c4556d3841e7ax.htm#fr_page=list&fr_pos=city&fr_no=33,荣威350 2015款 1.5L 自动豪华天窗版,4.99
/tj/5fe8a5755e928104x.htm#fr_page=list&fr_pos=city&fr_no=34,雪铁龙 世嘉 2013款 改款 CROSS 1.6L 自动,4.50
/jiaxing/5726cd2a89b97c2dx.htm#fr_page=list&fr_pos=city&fr_no=35,斯柯达 明锐 2012款 1.8TSI DSG逸俊版,5.00
/bj/10aec6a370347e32x.htm#fr_page=list&fr_pos=city&fr_no=36,铃木 雨燕 2014款 1.5L 自动时尚型,5.90
/hf/b72be677df6ed1c6x.htm#fr_page=list&fr_pos=city&fr_no=37,大众 朗逸 2013款 改款经典 1.6L 自动舒适版,6.98
/su/f6c6fadab38a9aedx.htm#fr_page=list&fr_pos=city&fr_no=38,本田 飞度 2018款 1.5L CVT舒适版,7.50
/km/f752d8c14a06c56dx.htm#fr_page=list&fr_pos=city&fr_no=39,雪佛兰 迈锐宝 2014款 2.0L 自动豪华版,7.30
/shaoxing/8a29a0b4d046b6d0x.htm#fr_page=list&fr_pos=city&fr_no=0,别克 英朗 2016款 15N 自动精英型,7.20
/hrb/db780e62b7c3f025x.htm#fr_page=list&fr_pos=city&fr_no=1,大众 捷达 2017款 1.4L 手动时尚型,5.80
/jilin/2567d5e89fd848a8x.htm#fr_page=list&fr_pos=city&fr_no=2,起亚K3 2013款 1.6L 自动Premium,6.00
/km/2454dac16cc1166dx.htm#fr_page=list&fr_pos=city&fr_no=3,大众 途观 2016款 280TSI 自动两驱丝绸之路风尚版,11.90
/wx/d03cbdf17e0ada83x.htm#fr_page=list&fr_pos=city&fr_no=4,奔驰B级 2012款 B 200(进口),12.60
/taian/d4f3ab7a1828cc61x.htm#fr_page=list&fr_pos=city&fr_no=5,大众 迈腾 2013款 1.8TSI 豪华型,10.35
/zhuhai/e6a25b16282f4644x.htm#fr_page=list&fr_pos=city&fr_no=6,福特 福克斯 2012款 两厢 1.6L 自动舒适型,5.85
/jiaxing/b4094ecdd5706198x.htm#fr_page=list&fr_pos=city&fr_no=7,本田 雅阁 2011款 2.0L EX,7.85
/pingdingshan/7f0c88a02193758ex.htm#fr_page=list&fr_pos=city&fr_no=8,福特 蒙迪欧 2013款 1.5L GTDi180时尚型,9.18
/handan/f94e2a7f6be79105x.htm#fr_page=list&fr_pos=city&fr_no=9,陆风X7 2015款 2.0T 全景尊贵版,6.60
/quanzhou/e89dc4e660477f4bx.htm#fr_page=list&fr_pos=city&fr_no=10,起亚KX3 2015款 1.6L 自动两驱DLX,7.59
/zz/27025ef06d985582x.htm#fr_page=list&fr_pos=city&fr_no=11,起亚KX CROSS 2017款 1.4L AT GLS,6.40
/jiaxing/20c0c5cc0bbf899fx.htm#fr_page=list&fr_pos=city&fr_no=12,别克 君越 2013款 2.4L SIDI领先舒适型,11.30
/xa/d41afd04cc4b047cx.htm#fr_page=list&fr_pos=city&fr_no=13,丰田 YARiS L 致享 2018款 1.5E CVT冠军限量版,7.28
/cd/26e0c3f580bd9368x.htm#fr_page=list&fr_pos=city&fr_no=14,现代 途胜 2015款 1.6T 双离合两驱智能型,10.58
/jn/3f8d1d671f648724x.htm#fr_page=list&fr_pos=city&fr_no=15,福特 福睿斯 2015款 1.5L 手动时尚型,4.68
/anshan/89132704064b8565x.htm#fr_page=list&fr_pos=city&fr_no=16,现代ix25 2015款 1.6L 自动两驱智能型GLS,7.57
/su/3d3ef2fcac33b07bx.htm#fr_page=list&fr_pos=city&fr_no=17,大众 高尔夫 2016款 1.6L 自动舒适型,9.30
/jiaxing/d2bc4a24de1eae18x.htm#fr_page=list&fr_pos=city&fr_no=18,别克 英朗 2011款 GT 1.8L 自动时尚版真皮款,5.00
/baoding/1174753437de6bedx.htm#fr_page=list&fr_pos=city&fr_no=19,大众 途观 2015款 1.8TSI 自动四驱豪华型,14.20
/nc/1b064a6d9afe5019x.htm#fr_page=list&fr_pos=city&fr_no=20,福特 致胜 2013款 2.3L 时尚型,6.55
/ty/90d311b6a4d23adax.htm#fr_page=list&fr_pos=city&fr_no=21,日产 阳光 2015款 1.5XE 手动舒适版,4.50
/xm/d969eaa6c2e7c5a8x.htm#fr_page=list&fr_pos=city&fr_no=22,现代 途胜 2015款 1.6T 双离合两驱智能型,11.60
/fz/d269299c0ad309f3x.htm#fr_page=list&fr_pos=city&fr_no=23,本田 杰德 2017款 210TURBO CVT风尚版 5座,11.98
/jn/b7c99ed5dbf0ac93x.htm#fr_page=list&fr_pos=city&fr_no=24,大众 途观 2015款 1.8TSI 自动两驱豪华型,12.58
/gz/856fa9cd6b213deex.htm#fr_page=list&fr_pos=city&fr_no=25,现代ix25 2015款 1.6L 自动两驱尊贵型DLX,7.38
/sjz/d2ad164745b9dc7ax.htm#fr_page=list&fr_pos=city&fr_no=26,陆风X7 2015款 2.0T 全景尊贵版,7.98
/sz/c6843b777ae87826x.htm#fr_page=list&fr_pos=city&fr_no=27,奥迪A3 2018款 30周年年型 Limousine 35 TFSI 进取型,13.78
/gz/284d5b08e1038536x.htm#fr_page=list&fr_pos=city&fr_no=28,日产 骐达 2008款 1.6L 自动智能型,4.38
/yibin/8f05a174e4f9ef99x.htm#fr_page=list&fr_pos=city&fr_no=29,大众 途观 2016款 300TSI 自动四驱豪华版,14.27
/su/e4dceb7dc11355c5x.htm#fr_page=list&fr_pos=city&fr_no=30,斯柯达 晶锐 2017款 1.4L 自动车享版,5.88
/dl/0bc7bfb14a65e104x.htm#fr_page=list&fr_pos=city&fr_no=31,海马骑士 2013款 2.0L 手动功勋型,4.10
/nantong/40f3ea65e87bf483x.htm#fr_page=list&fr_pos=city&fr_no=32,斯柯达 明锐 2012款 1.6L 自动逸俊版,4.46
/hz/e0adc000acb28a36x.htm#fr_page=list&fr_pos=city&fr_no=33,斯柯达 明锐 2010款 1.8TSI DSG逸俊版,4.50
/zhuhai/0ae0197b83b509fax.htm#fr_page=list&fr_pos=city&fr_no=34,雪佛兰 科鲁兹 2016款 1.5L 自动时尚天窗版,6.38
/cd/5591ac38d18c62c3x.htm#fr_page=list&fr_pos=city&fr_no=35,福特 嘉年华 2010款 两厢 1.3L 手动风尚型,3.12
/jiaxing/60f9deffe45fc64dx.htm#fr_page=list&fr_pos=city&fr_no=36,起亚K3 2015款 1.6L 自动GLS,7.10
/gz/7201b7f0281dc85ax.htm#fr_page=list&fr_pos=city&fr_no=37,路虎 揽胜极光 2015款 2.0T 五门风尚版,19.80
/baoding/42b108b0067ff6e7x.htm#fr_page=list&fr_pos=city&fr_no=38,大众 高尔夫 2015款 1.4TSI 自动舒适型,8.80
/zz/732ad62bc88b102dx.htm#fr_page=list&fr_pos=city&fr_no=39,本田 凌派 2016款 1.8L CVT豪华版,9.50
/bj/5d1d8c48a371fd48x.htm#fr_page=list&fr_pos=city&fr_no=0,大众 桑塔纳 2013款 1.6L 手动豪华版,4.40
/yuncheng/ca96753d8e98480fx.htm#fr_page=list&fr_pos=city&fr_no=1,日产 轩逸 2016款 1.6XV CVT智享版,9.40
/jn/b25954cc86849852x.htm#fr_page=list&fr_pos=city&fr_no=2,别克 英朗 2016款 15N 自动精英型,6.57
/sy/577f725006b42335x.htm#fr_page=list&fr_pos=city&fr_no=3,现代ix35 2015款 2.0L 自动两驱舒适型 国V,9.80
/yangzhou/d8b9c2e41769e3f0x.htm#fr_page=list&fr_pos=city&fr_no=4,福特 福睿斯 2017款 幸福版 1.5L 自动时尚型,6.80
/jining/72d5c103e69dec14x.htm#fr_page=list&fr_pos=city&fr_no=5,宝马1系 2013款 改款 116i 领先型(进口),10.50
/fz/c4d4d5ab3627009ax.htm#fr_page=list&fr_pos=city&fr_no=6,日产 天籁 2016款 2.0L XE时尚版,12.60
/luzhou/2b3d49f080aa1450x.htm#fr_page=list&fr_pos=city&fr_no=7,日产 轩逸 2009款 1.6XL 自动豪华天窗版,4.78
/hf/307c0b2f5a27e2bbx.htm#fr_page=list&fr_pos=city&fr_no=8,本田 凌派 2016款 1.8L CVT豪华版,8.98
/bj/21469f4007cb5352x.htm#fr_page=list&fr_pos=city&fr_no=9,大众 凌渡 2015款 280TSI DSG舒适版,11.00
/jn/fc685e292318d86dx.htm#fr_page=list&fr_pos=city&fr_no=10,哈弗H1 2016款 改款 蓝标 1.5L 手动舒适型,4.18
/hrb/eec2a5a4d8935a77x.htm#fr_page=list&fr_pos=city&fr_no=11,哈弗H6 2015款 运动版 1.5T 自动两驱豪华型,7.14
/zz/f5490391ac9e3333x.htm#fr_page=list&fr_pos=city&fr_no=12,传祺GA6 2016款 235T DCT精英版,7.18
/zz/65985a872ff7f6d9x.htm#fr_page=list&fr_pos=city&fr_no=13,本田 凌派 2016款 1.8L CVT领先版,8.68
/jinhua/eed7e5101710eab6x.htm#fr_page=list&fr_pos=city&fr_no=14,日产 阳光 2015款 1.5XE CVT舒适版,4.98
/bj/e6117a82cead4747x.htm#fr_page=list&fr_pos=city&fr_no=15,宝马5系 2014款 525Li 领先型,28.00
/jiaxing/6d59157a73af14ccx.htm#fr_page=list&fr_pos=city&fr_no=16,大众 朗逸 2011款 1.6L 自动品雅版,4.00
/dl/8a5ba1f3f027c087x.htm#fr_page=list&fr_pos=city&fr_no=17,别克 威朗 2015款 三厢 15S 自动领先型,7.78
/cd/49c608364b5b9391x.htm#fr_page=list&fr_pos=city&fr_no=18,宝马5系 2014款 525Li 豪华设计套装,27.58
/nmg/fb0c40fe56069f85x.htm#fr_page=list&fr_pos=city&fr_no=19,哈弗H1 2016款 改款 蓝标 1.5L AMT豪华型,4.78
/weifang/cc51b361548fb2cax.htm#fr_page=list&fr_pos=city&fr_no=20,别克 君威 2015款 1.6T 领先技术型,10.60
/zz/5c593b1f99c471e1x.htm#fr_page=list&fr_pos=city&fr_no=21,起亚KX3 2015款 1.6L 自动两驱GLS,6.90
/tj/19b8e50acb3e1b50x.htm#fr_page=list&fr_pos=city&fr_no=22,大众 桑塔纳 2016款 1.6L 自动风尚版,6.50
/ty/d6079a2869728413x.htm#fr_page=list&fr_pos=city&fr_no=23,奥迪Q5 2011款 2.0TFSI 技术型,14.30
/yantai/8cb77f3d861f52f6x.htm#fr_page=list&fr_pos=city&fr_no=24,长安 逸动 2014款 1.6L 手动豪华型,3.10
/jinhua/20851a9a15c08758x.htm#fr_page=list&fr_pos=city&fr_no=25,起亚K4 2014款 1.8L 自动GLS,7.98
/hz/cb16a1b14c68d318x.htm#fr_page=list&fr_pos=city&fr_no=26,大众 朗逸 2013款 1.6L 自动舒适版,5.10
/bj/4e4b8ce5d7da1312x.htm#fr_page=list&fr_pos=city&fr_no=27,哈弗H6 2013款 升级版 1.5T 手动两驱精英型,4.30
/jn/a0be6a2c8288e74ex.htm#fr_page=list&fr_pos=city&fr_no=28,起亚K5 2012款 2.0L 自动DLX,6.68
/bj/490b5701457497f9x.htm#fr_page=list&fr_pos=city&fr_no=29,本田 思域 2016款 220TURBO CVT豪华版,11.50
/sy/884b366f72212d79x.htm#fr_page=list&fr_pos=city&fr_no=30,福特 蒙迪欧 2013款 2.0L GTDi240豪华运动型,10.50
/tangshan/9ffd32f2fdcdb47ex.htm#fr_page=list&fr_pos=city&fr_no=31,大众 捷达 2013款 1.6L 自动舒适型,5.60
/jiaxing/368e1dc0d4d9561dx.htm#fr_page=list&fr_pos=city&fr_no=32,起亚 福瑞迪 2012款 1.6L MT GL 纪念版,3.50
/dl/05c25a3a21ae157ax.htm#fr_page=list&fr_pos=city&fr_no=33,本田 凌派 2016款 1.8L CVT豪华版,10.20
/jiaxing/f1532a6d398363ddx.htm#fr_page=list&fr_pos=city&fr_no=34,奥迪Q5 2015款 40 TFSI 进取型,20.85
/yantai/27603322c05e3521x.htm#fr_page=list&fr_pos=city&fr_no=35,马自达6 2013款 2.0L 自动时尚型,6.00
/hrb/068b903bc945a678x.htm#fr_page=list&fr_pos=city&fr_no=36,大众 尚酷 2015款 1.4TSI 风尚版(进口),13.50
/zz/98688017f9ca76c7x.htm#fr_page=list&fr_pos=city&fr_no=37,现代 瑞纳 2014款 1.4L 自动智能型GLS,3.98
/zhuhai/d6eae619ca1e9f50x.htm#fr_page=list&fr_pos=city&fr_no=38,现代 名图 2014款 1.8L 自动尊贵型DLX,7.48
/luoyang/68d7031f60ce0c0cx.htm#fr_page=list&fr_pos=city&fr_no=39,大众 桑塔纳 2015款 1.6L 手动舒适版,4.75
